Metric,Value
TAB,0.1835791605221862
TBA,0.03152665996106603
Error TAB,0.004532453426378245
Error TBA,0.002819922598188516
Significant TAB,"(True, 40.50326462347769, 0.0)"
Significant TBA,"(True, 11.179973514634186, 0.0)"
