Metric,Value
TAB,0.022290244414717015
TBA,0.1277635517711445
Error TAB,0.004788550793073216
Error TBA,0.007922911568612924
Significant TAB,"(True, 4.6549040363027006, 3.2413163688627122e-06)"
Significant TBA,"(True, 16.125833371318603, 0.0)"
